id;data;titulo;conteudo
1;2025-07-26T02:46:38;regarding youthfully;../fake-data/blob/hipster.txt
2;2025-07-26T06:42:50;blaring honestly;../fake-data/blob/hipster.txt
3;2025-07-26T02:48:13;switch;../fake-data/blob/hipster.txt
4;2025-07-25T23:59:21;rubbery ah;../fake-data/blob/hipster.txt
5;2025-07-26T04:16:54;how;../fake-data/blob/hipster.txt
6;2025-07-26T12:24:49;minister;../fake-data/blob/hipster.txt
7;2025-07-26T04:57:48;request;../fake-data/blob/hipster.txt
8;2025-07-26T14:48:36;whether;../fake-data/blob/hipster.txt
9;2025-07-26T09:41:41;yet slap;../fake-data/blob/hipster.txt
10;2025-07-26T13:13:44;woefully;../fake-data/blob/hipster.txt
